{
  "builtin_entity_scope": [
    "snips/number"
  ],
  "config": {
    "unit_name": "tfidf_vectorizer",
    "use_stemming": false,
    "word_clusters_name": null
  },
  "language_code": "en",
  "vectorizer": {
    "idf_diag": [
      4.4094961844768505,
      2.9054187877005764,
      4.186352633162641,
      3.1567332159814825,
      4.4094961844768505,
      4.697178256928631,
      4.697178256928631,
      4.4094961844768505,
      4.004031076368686,
      4.4094961844768505,
      2.751268107873318,
      4.697178256928631,
      4.697178256928631,
      4.697178256928631,
      4.697178256928631,
      4.697178256928631,
      4.004031076368686,
      3.310883895808741,
      4.697178256928631,
      4.004031076368686,
      3.5985659682605218,
      3.849880396541428,
      4.697178256928631,
      2.428494715610267,
      3.5985659682605218,
      4.4094961844768505,
      4.4094961844768505,
      4.697178256928631,
      4.186352633162641,
      2.499953679592412,
      3.849880396541428,
      4.4094961844768505,
      3.849880396541428
    ],
    "vocab": {
      "?": 0,
      "a": 1,
      "an": 2,
      "builtinentityfeaturesnipsnumber": 3,
      "can": 4,
      "cappucino": 5,
      "coffee": 6,
      "cup": 7,
      "cups": 8,
      "d": 9,
      "entityfeaturebeverage_type": 10,
      "espressi": 11,
      "espresso": 12,
      "espressos": 13,
      "expresso": 14,
      "expressos": 15,
      "have": 16,
      "i": 17,
      "latte": 18,
      "like": 19,
      "make": 20,
      "me": 21,
      "milk": 22,
      "of": 23,
      "please": 24,
      "prepare": 25,
      "serve": 26,
      "strong": 27,
      "tea": 28,
      "the": 29,
      "to": 30,
      "want": 31,
      "you": 32
    }
  }
}